stationID,nameTH,nameEN,district,areaTH,areaEN,stationType,lat,long,forecast,LastUpdate,date,time,PM25.value,PM25.unit,PM10.value,PM10.unit,O3.value,O3.unit,CO.value,CO.unit,NO2.value,NO2.unit,SO2.value,SO2.unit,AQI.Level,AQI.aqi
02t,มหาวิทยาลัยราชภัฏบ้านสมเด็จเจ้าพระยา,Bansomdejchaopraya Rajabhat University,Thon Buri,"แขวงหิรัญรูจี เขตธนบุรี, กรุงเทพฯ","Hiran Ruchi, Khet Thon Buri, Bangkok",GROUND,13.732846,100.487662,[],"{'date': '2021-08-26', 'time': '14:00', 'PM25': {'value': '11', 'unit': 'µg/m³'}, 'PM10': {'value': '21', 'unit': 'µg/m³'}, 'O3': {'value': '10', 'unit': 'ppb'}, 'CO': {'value': '-', 'unit': 'ppm'}, 'NO2': {'value': '-', 'unit': 'ppb'}, 'SO2': {'value': '-', 'unit': 'ppb'}, 'AQI': {'Level': '1', 'aqi': '11'}}",2021-08-26,14:00,11,µg/m³,21,µg/m³,10,ppb,-,ppm,-,ppb,-,ppb,1,11
03t,ริมถนนทางหลวงหมายเลข 3902,Highway NO.3902 km.13 +600,Bang Khun Thian,"ริมถนนกาญจนาภิเษก เขตบางขุนเทียน, กรุงเทพฯ","Kanchanaphisek Rd, Bang Khun Thian, Bangkok",GROUND,13.636514,100.414262,[],"{'date': '2021-08-26', 'time': '14:00', 'PM25': {'value': '19', 'unit': 'µg/m³'}, 'PM10': {'value': '47', 'unit': 'µg/m³'}, 'O3': {'value': '2', 'unit': 'ppb'}, 'CO': {'value': '-', 'unit': 'ppm'}, 'NO2': {'value': '-', 'unit': 'ppb'}, 'SO2': {'value': 'N/A', 'unit': 'ppb'}, 'AQI': {'Level': '1', 'aqi': '24'}}",2021-08-26,14:00,19,µg/m³,47,µg/m³,2,ppb,-,ppm,-,ppb,N/A,ppb,1,24
05t,กรมอุตุนิยมวิทยาบางนา,Thai Meteorological Department,Bang Na,"แขวงบางนา เขตบางนา, กรุงเทพฯ","Bang Na, Khet Bang Na, Bangkok",GROUND,13.666183,100.605742,[],"{'date': '2021-08-26', 'time': '14:00', 'PM25': {'value': '7', 'unit': 'µg/m³'}, 'PM10': {'value': '16', 'unit': 'µg/m³'}, 'O3': {'value': '11', 'unit': 'ppb'}, 'CO': {'value': '-', 'unit': 'ppm'}, 'NO2': {'value': '-', 'unit': 'ppb'}, 'SO2': {'value': '-', 'unit': 'ppb'}, 'AQI': {'Level': '1', 'aqi': '8'}}",2021-08-26,14:00,7,µg/m³,16,µg/m³,11,ppb,-,ppm,-,ppb,-,ppb,1,8
10t,เคหะชุมชนคลองจั่น,National Housing Authority Klongchan,Bang Kapi,"แขวงคลองจั่น เขตบางกะปิ, กรุงเทพฯ","Khlong Chan, Khet Bang Kapi, Bangkok",GROUND,13.779873,100.646009,[],"{'date': '2021-08-26', 'time': '14:00', 'PM25': {'value': '-', 'unit': 'µg/m³'}, 'PM10': {'value': '-', 'unit': 'µg/m³'}, 'O3': {'value': '8', 'unit': 'ppb'}, 'CO': {'value': 'N/A', 'unit': 'ppm'}, 'NO2': {'value': '-', 'unit': 'ppb'}, 'SO2': {'value': 'N/A', 'unit': 'ppb'}, 'AQI': {'Level': '1', 'aqi': '6'}}",2021-08-26,14:00,-,µg/m³,-,µg/m³,8,ppb,N/A,ppm,-,ppb,N/A,ppb,1,6
11t,การเคหะชุมชนห้วยขวาง,National Housing  Huaykwang,Din Daeng,"แขวงดินแดง เขตดินแดง, กรุงเทพฯ","Din Daeng, Khet Din Daeng, Bangkok",GROUND,13.77553,100.569195,[],"{'date': '2021-08-26', 'time': '14:00', 'PM25': {'value': '8', 'unit': 'µg/m³'}, 'PM10': {'value': '17', 'unit': 'µg/m³'}, 'O3': {'value': '6', 'unit': 'ppb'}, 'CO': {'value': '-', 'unit': 'ppm'}, 'NO2': {'value': '-', 'unit': 'ppb'}, 'SO2': {'value': '-', 'unit': 'ppb'}, 'AQI': {'Level': '1', 'aqi': '9'}}",2021-08-26,14:00,8,µg/m³,17,µg/m³,6,ppb,-,ppm,-,ppb,-,ppb,1,9
12t,โรงเรียนนนทรีวิทยา,Nonsi Witthaya School,Yannawa,"แขวงช่องนนทรี เขตยานนาวา, กรุงเทพฯ","Chong Nonsi, Khet Yannawa, Bangkok",GROUND,13.708067,100.547333,[],"{'date': '2021-08-26', 'time': '14:00', 'PM25': {'value': '7', 'unit': 'µg/m³'}, 'PM10': {'value': '22', 'unit': 'µg/m³'}, 'O3': {'value': '5', 'unit': 'ppb'}, 'CO': {'value': '-', 'unit': 'ppm'}, 'NO2': {'value': '14', 'unit': 'ppb'}, 'SO2': {'value': '-', 'unit': 'ppb'}, 'AQI': {'Level': '1', 'aqi': '11'}}",2021-08-26,14:00,7,µg/m³,22,µg/m³,5,ppb,-,ppm,14,ppb,-,ppb,1,11
50t,โรงพยาบาลจุฬาลงกรณ์,Chulalongkorn Hospital,Pathum Wan,"ริมถนนพระราม 4 เขตปทุมวัน, กรุงเทพฯ","Rama IV Rd. Khet Pathum Wan, Bangkok",GROUND,13.729852,100.536501,[],"{'date': '2021-08-26', 'time': '14:00', 'PM25': {'value': '12', 'unit': 'µg/m³'}, 'PM10': {'value': '26', 'unit': 'µg/m³'}, 'O3': {'value': 'N/A', 'unit': 'ppb'}, 'CO': {'value': '-', 'unit': 'ppm'}, 'NO2': {'value': '-', 'unit': 'ppb'}, 'SO2': {'value': 'N/A', 'unit': 'ppb'}, 'AQI': {'Level': '1', 'aqi': '13'}}",2021-08-26,14:00,12,µg/m³,26,µg/m³,N/A,ppb,-,ppm,-,ppb,N/A,ppb,1,13
52t,การไฟฟ้าย่อยธนบุรี,Thonburi Power Sub-Station,Thon Buri,"ริมถนนอินทรพิทักษ์ เขตธนบุรี, กรุงเทพฯ","Intarapitak Rd. Khet Thon Buri, Bangkok",GROUND,13.727622,100.486568,[],"{'date': '2021-08-26', 'time': '14:00', 'PM25': {'value': '12', 'unit': 'µg/m³'}, 'PM10': {'value': '23', 'unit': 'µg/m³'}, 'O3': {'value': '7', 'unit': 'ppb'}, 'CO': {'value': '0.45', 'unit': 'ppm'}, 'NO2': {'value': '1', 'unit': 'ppb'}, 'SO2': {'value': '3', 'unit': 'ppb'}, 'AQI': {'Level': '1', 'aqi': '12'}}",2021-08-26,14:00,12,µg/m³,23,µg/m³,7,ppb,0.45,ppm,1,ppb,3,ppb,1,12
53t,สถานีตำรวจนครบาลโชคชัย,Chokchai Police Station,Wang Thonglang,"ริมถนนลาดพร้าว เขตวังทองหลาง, กรุงเทพฯ","Lat Phrao Rd. Khet Wang Thonglang, Bangkok",GROUND,13.795425,100.593023,[],"{'date': '2021-08-26', 'time': '14:00', 'PM25': {'value': '10', 'unit': 'µg/m³'}, 'PM10': {'value': '22', 'unit': 'µg/m³'}, 'O3': {'value': 'N/A', 'unit': 'ppb'}, 'CO': {'value': '-', 'unit': 'ppm'}, 'NO2': {'value': '11', 'unit': 'ppb'}, 'SO2': {'value': 'N/A', 'unit': 'ppb'}, 'AQI': {'Level': '1', 'aqi': '11'}}",2021-08-26,14:00,10,µg/m³,22,µg/m³,N/A,ppb,-,ppm,11,ppb,N/A,ppb,1,11
54t,การเคหะชุมชนดินแดง,National Housing Authority Dindaeng,Din Daeng,"ริมถนนดินแดง เขตดินแดง, กรุงเทพฯ","Din Daeng Rd. Khet Din Daeng, Bangkok",GROUND,13.762517,100.5502,[],"{'date': '2021-08-26', 'time': '14:00', 'PM25': {'value': '20', 'unit': 'µg/m³'}, 'PM10': {'value': '41', 'unit': 'µg/m³'}, 'O3': {'value': '9', 'unit': 'ppb'}, 'CO': {'value': '0.87', 'unit': 'ppm'}, 'NO2': {'value': '15', 'unit': 'ppb'}, 'SO2': {'value': '-', 'unit': 'ppb'}, 'AQI': {'Level': '1', 'aqi': '21'}}",2021-08-26,14:00,20,µg/m³,41,µg/m³,9,ppb,0.87,ppm,15,ppb,-,ppb,1,21
59t,กรมประชาสัมพันธ์,The Government Public Relations Department,Phaya Thai,"แขวงพญาไท เขตพญาไท, กรุงเทพฯ","Phaya Thai, Khet Phaya Thai, Bangkok",GROUND,13.783185,100.540489,[],"{'date': '2021-08-26', 'time': '14:00', 'PM25': {'value': '6', 'unit': 'µg/m³'}, 'PM10': {'value': '17', 'unit': 'µg/m³'}, 'O3': {'value': '11', 'unit': 'ppb'}, 'CO': {'value': '-', 'unit': 'ppm'}, 'NO2': {'value': '10', 'unit': 'ppb'}, 'SO2': {'value': 'N/A', 'unit': 'ppb'}, 'AQI': {'Level': '1', 'aqi': '9'}}",2021-08-26,14:00,6,µg/m³,17,µg/m³,11,ppb,-,ppm,10,ppb,N/A,ppb,1,9
61t,โรงเรียนบดินทรเดชา (สิงห์ สิงหเสนี),Bodindecha Sing Singhaseni School,Wang Thonglang,"แขวงพลับพลา เขตวังทองหลาง, กรุงเทพฯ","Pubpla, Khet Wang Thonglang, Bangkok",GROUND,13.769634,100.614567,[],"{'date': '2021-08-26', 'time': '14:00', 'PM25': {'value': '13', 'unit': 'µg/m³'}, 'PM10': {'value': '23', 'unit': 'µg/m³'}, 'O3': {'value': '7', 'unit': 'ppb'}, 'CO': {'value': 'N/A', 'unit': 'ppm'}, 'NO2': {'value': '-', 'unit': 'ppb'}, 'SO2': {'value': '-', 'unit': 'ppb'}, 'AQI': {'Level': '1', 'aqi': '13'}}",2021-08-26,14:00,13,µg/m³,23,µg/m³,7,ppb,N/A,ppm,-,ppb,-,ppb,1,13
bkp100t,สำนักงานเขตบึงกุ่ม,"Bueng Kum District Office, Bangkok",Bueng Kum,แขวงคลองกุ่ม เขตบึงกุ่ม,"Khlong Kum, Bueng Kum, Bangkok",BKK,13.785212,100.669183,[],"{'date': '2021-08-26', 'time': '14:00', 'PM25': {'value': '-', 'unit': 'µg/m³'}, 'PM10': {'value': 'N/A', 'unit': 'µg/m³'}, 'O3': {'value': 'N/A', 'unit': 'ppb'}, 'CO': {'value': 'N/A', 'unit': 'ppm'}, 'NO2': {'value': 'N/A', 'unit': 'ppb'}, 'SO2': {'value': 'N/A', 'unit': 'ppb'}, 'AQI': {'Level': '0', 'aqi': '-1'}}",2021-08-26,14:00,-,µg/m³,N/A,µg/m³,N/A,ppb,N/A,ppm,N/A,ppb,N/A,ppb,0,-1
bkp101t,สำนักงานเขตคลองสามวา,"Khlong Sam Wa District Office, Bangkok",Khlong Sam Wa,"เขตคลองสามวา, กรุงเทพฯ","Khlong Sam Wa, Bangkok",BKK,13.859911,100.704002,[],"{'date': '2021-08-26', 'time': '14:00', 'PM25': {'value': '9', 'unit': 'µg/m³'}, 'PM10': {'value': '16', 'unit': 'µg/m³'}, 'O3': {'value': 'N/A', 'unit': 'ppb'}, 'CO': {'value': 'N/A', 'unit': 'ppm'}, 'NO2': {'value': 'N/A', 'unit': 'ppb'}, 'SO2': {'value': 'N/A', 'unit': 'ppb'}, 'AQI': {'Level': '1', 'aqi': '9'}}",2021-08-26,14:00,9,µg/m³,16,µg/m³,N/A,ppb,N/A,ppm,N/A,ppb,N/A,ppb,1,9
bkp102t,สำนักงานเขตจอมทอง,"Chomthong District Office, Bangkok",Chomthong,"เขตจอมทอง, กรุงเทพฯ","Chomthong, Bangkok",BKK,13.677757,100.483861,[],"{'date': '2021-08-26', 'time': '14:00', 'PM25': {'value': '7', 'unit': 'µg/m³'}, 'PM10': {'value': '12', 'unit': 'µg/m³'}, 'O3': {'value': 'N/A', 'unit': 'ppb'}, 'CO': {'value': 'N/A', 'unit': 'ppm'}, 'NO2': {'value': 'N/A', 'unit': 'ppb'}, 'SO2': {'value': 'N/A', 'unit': 'ppb'}, 'AQI': {'Level': '1', 'aqi': '7'}}",2021-08-26,14:00,7,µg/m³,12,µg/m³,N/A,ppb,N/A,ppm,N/A,ppb,N/A,ppb,1,7
bkp103t,สำนักงานเขตบางพลัด,"Bang Phlat District Office, Bangkok",Bang Phlat ,"ริมถนนจรัญสนิทวงศ์ เขตบางพลัด, กรุงเทพฯ","Charansanitwong Roadside, Bangkok",BKK,13.793965,100.504956,[],"{'date': '2021-08-26', 'time': '14:00', 'PM25': {'value': '5', 'unit': 'µg/m³'}, 'PM10': {'value': 'N/A', 'unit': 'µg/m³'}, 'O3': {'value': 'N/A', 'unit': 'ppb'}, 'CO': {'value': 'N/A', 'unit': 'ppm'}, 'NO2': {'value': 'N/A', 'unit': 'ppb'}, 'SO2': {'value': 'N/A', 'unit': 'ppb'}, 'AQI': {'Level': '1', 'aqi': '5'}}",2021-08-26,14:00,5,µg/m³,N/A,µg/m³,N/A,ppb,N/A,ppm,N/A,ppb,N/A,ppb,1,5
bkp104t,สำนักงานเขตบางแค,"Bang Khae District Office, Bangkok",Bang Khae,"เขตบางแค, กรุงเทพฯ","Bang Khae, Bangkok",BKK,13.696314,100.409049,[],"{'date': '2021-08-26', 'time': '14:00', 'PM25': {'value': '13', 'unit': 'µg/m³'}, 'PM10': {'value': '20', 'unit': 'µg/m³'}, 'O3': {'value': 'N/A', 'unit': 'ppb'}, 'CO': {'value': 'N/A', 'unit': 'ppm'}, 'NO2': {'value': 'N/A', 'unit': 'ppb'}, 'SO2': {'value': 'N/A', 'unit': 'ppb'}, 'AQI': {'Level': '1', 'aqi': '13'}}",2021-08-26,14:00,13,µg/m³,20,µg/m³,N/A,ppb,N/A,ppm,N/A,ppb,N/A,ppb,1,13
bkp105t,สำนักงานเขตบางขุนเทียน,"Bang Khun Thian District Office, Bangkok",Bang Khun Thian,"ริมถนนพระราม 2 เขตบางขุนเทียน, กรุงเทพฯ","RamaII Roadside,  Bang Khun Thian, Bangkok",BKK,13.659908,100.435902,[],"{'date': '2021-08-26', 'time': '14:00', 'PM25': {'value': '15', 'unit': 'µg/m³'}, 'PM10': {'value': 'N/A', 'unit': 'µg/m³'}, 'O3': {'value': 'N/A', 'unit': 'ppb'}, 'CO': {'value': 'N/A', 'unit': 'ppm'}, 'NO2': {'value': 'N/A', 'unit': 'ppb'}, 'SO2': {'value': 'N/A', 'unit': 'ppb'}, 'AQI': {'Level': '1', 'aqi': '15'}}",2021-08-26,14:00,15,µg/m³,N/A,µg/m³,N/A,ppb,N/A,ppm,N/A,ppb,N/A,ppb,1,15
bkp56t,สำนักงานเขตดินแดง กรุงเทพฯ,"Din Dang, Bangkok",Din Dang,"ริมถนนวิภาวดีรังสิต, เขตดินแดง, กรุงเทพฯ","Din Dang, Bangkok",BKK,13.7619223,100.558606,[],"{'date': '2021-08-26', 'time': '14:00', 'PM25': {'value': '12', 'unit': 'µg/m³'}, 'PM10': {'value': '41', 'unit': 'µg/m³'}, 'O3': {'value': 'N/A', 'unit': 'ppb'}, 'CO': {'value': 'N/A', 'unit': 'ppm'}, 'NO2': {'value': 'N/A', 'unit': 'ppb'}, 'SO2': {'value': 'N/A', 'unit': 'ppb'}, 'AQI': {'Level': '1', 'aqi': '21'}}",2021-08-26,14:00,12,µg/m³,41,µg/m³,N/A,ppb,N/A,ppm,N/A,ppb,N/A,ppb,1,21
bkp57t,สำนักงานเขตพระโขนง กรุงเทพฯ,"Phra Kanong District Office,  Bangkok",Phra Kanong,"ริมถนนสุขุมวิท เขตพระโขนง, กรุงเทพฯ","Phra Kanong, Bangkok",BKK,13.691511,100.61457,[],"{'date': '2021-08-26', 'time': '14:00', 'PM25': {'value': '10', 'unit': 'µg/m³'}, 'PM10': {'value': '35', 'unit': 'µg/m³'}, 'O3': {'value': 'N/A', 'unit': 'ppb'}, 'CO': {'value': 'N/A', 'unit': 'ppm'}, 'NO2': {'value': 'N/A', 'unit': 'ppb'}, 'SO2': {'value': 'N/A', 'unit': 'ppb'}, 'AQI': {'Level': '1', 'aqi': '18'}}",2021-08-26,14:00,10,µg/m³,35,µg/m³,N/A,ppb,N/A,ppm,N/A,ppb,N/A,ppb,1,18
bkp58t,สำนักงานเขตราษฎร์บูรณะ กรุงเทพฯ,"Rat Burana District Office,  Bangkok",Rat Burana,"ริมถนนราษฎร์บูรณะ, เขตราษฎร์บูรณะ, กรุงเทพฯ","Rat Burana, Bangkok",BKK,13.6821364,100.5060513,[],"{'date': '2021-08-26', 'time': '14:00', 'PM25': {'value': '13', 'unit': 'µg/m³'}, 'PM10': {'value': '51', 'unit': 'µg/m³'}, 'O3': {'value': 'N/A', 'unit': 'ppb'}, 'CO': {'value': 'N/A', 'unit': 'ppm'}, 'NO2': {'value': 'N/A', 'unit': 'ppb'}, 'SO2': {'value': 'N/A', 'unit': 'ppb'}, 'AQI': {'Level': '2', 'aqi': '26'}}",2021-08-26,14:00,13,µg/m³,51,µg/m³,N/A,ppb,N/A,ppm,N/A,ppb,N/A,ppb,2,26
bkp59t,สำนักงานเขตราชเทวี กรุงเทพฯ,"Ratchathewi District Office, Bangkok",Ratchathewi ,"ริมถนนพญาไท เขตราชเทวี, กรุงเทพฯ","Phayathai Roadside, Ratchathewi, Bangkok",BKK,13.7590851,100.5345788,[],"{'date': '2021-08-26', 'time': '14:00', 'PM25': {'value': '11', 'unit': 'µg/m³'}, 'PM10': {'value': '21', 'unit': 'µg/m³'}, 'O3': {'value': 'N/A', 'unit': 'ppb'}, 'CO': {'value': 'N/A', 'unit': 'ppm'}, 'NO2': {'value': 'N/A', 'unit': 'ppb'}, 'SO2': {'value': 'N/A', 'unit': 'ppb'}, 'AQI': {'Level': '1', 'aqi': '11'}}",2021-08-26,14:00,11,µg/m³,21,µg/m³,N/A,ppb,N/A,ppm,N/A,ppb,N/A,ppb,1,11
bkp60t,ริมสวนหย่อมตรงข้ามสำนักงานเขตดุสิต,"Dusit District Office, Bangkok",Dusit,"ริมถนนพระราม 5 เขตดุสิต, กรุงเทพฯ","RamaV Roadside, Dusit, Bangkok",BKK,13.776664,100.520982,[],"{'date': '2021-08-26', 'time': '14:00', 'PM25': {'value': '10', 'unit': 'µg/m³'}, 'PM10': {'value': '26', 'unit': 'µg/m³'}, 'O3': {'value': 'N/A', 'unit': 'ppb'}, 'CO': {'value': 'N/A', 'unit': 'ppm'}, 'NO2': {'value': 'N/A', 'unit': 'ppb'}, 'SO2': {'value': 'N/A', 'unit': 'ppb'}, 'AQI': {'Level': '1', 'aqi': '13'}}",2021-08-26,14:00,10,µg/m³,26,µg/m³,N/A,ppb,N/A,ppm,N/A,ppb,N/A,ppb,1,13
bkp61t,สำนักงานคณะกรรมการพัฒนาเศรษฐกิจและสังคมแห่งชาติ,National Economic and Social Development Council Office,Pom Prap Sattru Phai,"ริมถนนกรุงเกษม เขตป้อมปราบศัตรูพ่าย, กรุงเทพฯ","Krung Kasem Roadside, Pom Prap Sattru Phai, Bangkok",BKK,13.756281,100.514267,[],"{'date': '2021-08-26', 'time': '14:00', 'PM25': {'value': '13', 'unit': 'µg/m³'}, 'PM10': {'value': '28', 'unit': 'µg/m³'}, 'O3': {'value': 'N/A', 'unit': 'ppb'}, 'CO': {'value': 'N/A', 'unit': 'ppm'}, 'NO2': {'value': 'N/A', 'unit': 'ppb'}, 'SO2': {'value': 'N/A', 'unit': 'ppb'}, 'AQI': {'Level': '1', 'aqi': '14'}}",2021-08-26,14:00,13,µg/m³,28,µg/m³,N/A,ppb,N/A,ppm,N/A,ppb,N/A,ppb,1,14
bkp62t,วงเวียนโอเดียน,Odeon Circus,Samphanthawong,"ริมถนนตรีมิตร วงเวียนโอเดียน์ เขตสัมพันธวงศ์, กรุงเทพฯ","TheeMitr Roadside, Samphanthawong, Bangkok",BKK,13.737136,100.512734,[],"{'date': '2021-08-26', 'time': '14:00', 'PM25': {'value': '9', 'unit': 'µg/m³'}, 'PM10': {'value': 'N/A', 'unit': 'µg/m³'}, 'O3': {'value': 'N/A', 'unit': 'ppb'}, 'CO': {'value': 'N/A', 'unit': 'ppm'}, 'NO2': {'value': 'N/A', 'unit': 'ppb'}, 'SO2': {'value': 'N/A', 'unit': 'ppb'}, 'AQI': {'Level': '1', 'aqi': '9'}}",2021-08-26,14:00,9,µg/m³,N/A,µg/m³,N/A,ppb,N/A,ppm,N/A,ppb,N/A,ppb,1,9
bkp63t,แฟลตทหารบก สามเสน,Army Apartment Sam Sen,Phaya Thai,"ริมถนนพระราม 6 เขตพญาไท, กรุงเทพฯ","RamaVI Roadside, Phaya Thai, Bangkok",BKK,13.783554,100.5344645,[],"{'date': '2021-08-26', 'time': '14:00', 'PM25': {'value': '11', 'unit': 'µg/m³'}, 'PM10': {'value': 'N/A', 'unit': 'µg/m³'}, 'O3': {'value': 'N/A', 'unit': 'ppb'}, 'CO': {'value': 'N/A', 'unit': 'ppm'}, 'NO2': {'value': 'N/A', 'unit': 'ppb'}, 'SO2': {'value': 'N/A', 'unit': 'ppb'}, 'AQI': {'Level': '1', 'aqi': '11'}}",2021-08-26,14:00,11,µg/m³,N/A,µg/m³,N/A,ppb,N/A,ppm,N/A,ppb,N/A,ppb,1,11
bkp64t,สำนักงานเขตวังทองหลาง,"Wang Thonglang District Office, Bangkok",Wang Thonglang,"ริมถนนลาดพร้าว ซอยลาดพร้าว 95 เขตวังทองหลาง, กรุงเทพฯ","Lat Phrao Rd Soi 95, Wang Thonglang, Bangkok",BKK,13.778981,100.622294,[],"{'date': '2021-08-26', 'time': '14:00', 'PM25': {'value': '16', 'unit': 'µg/m³'}, 'PM10': {'value': 'N/A', 'unit': 'µg/m³'}, 'O3': {'value': 'N/A', 'unit': 'ppb'}, 'CO': {'value': 'N/A', 'unit': 'ppm'}, 'NO2': {'value': 'N/A', 'unit': 'ppb'}, 'SO2': {'value': 'N/A', 'unit': 'ppb'}, 'AQI': {'Level': '1', 'aqi': '16'}}",2021-08-26,14:00,16,µg/m³,N/A,µg/m³,N/A,ppb,N/A,ppm,N/A,ppb,N/A,ppb,1,16
bkp65t,สามย่านมิตรทาวน์,Samyan Mitrtown,Pathum Wan,"ริมถนนพระรามที่ 4 หน้าสามย่านมิตรทาวน์ เขตปทุมวัน, กรุงเทพฯ","RamaIV Roadside, Pathum Wan, Bangkok",BKK,13.733136,100.52829,[],"{'date': '2021-08-26', 'time': '14:00', 'PM25': {'value': '6', 'unit': 'µg/m³'}, 'PM10': {'value': 'N/A', 'unit': 'µg/m³'}, 'O3': {'value': 'N/A', 'unit': 'ppb'}, 'CO': {'value': 'N/A', 'unit': 'ppm'}, 'NO2': {'value': 'N/A', 'unit': 'ppb'}, 'SO2': {'value': 'N/A', 'unit': 'ppb'}, 'AQI': {'Level': '1', 'aqi': '6'}}",2021-08-26,14:00,6,µg/m³,N/A,µg/m³,N/A,ppb,N/A,ppm,N/A,ppb,N/A,ppb,1,6
bkp66t,ลานบางรักเลิฟลี่ พลาซ่า,Bangrak Lovely Plaza,Bang Rak,"ริมถนนนราธิวาส เขตบางรัก, กรุงเทพฯ","Narathiwat Roadside, Bang Rak, Bangkok",BKK,13.726136,100.528055,[],"{'date': '2021-08-26', 'time': '14:00', 'PM25': {'value': '13', 'unit': 'µg/m³'}, 'PM10': {'value': 'N/A', 'unit': 'µg/m³'}, 'O3': {'value': 'N/A', 'unit': 'ppb'}, 'CO': {'value': 'N/A', 'unit': 'ppm'}, 'NO2': {'value': 'N/A', 'unit': 'ppb'}, 'SO2': {'value': 'N/A', 'unit': 'ppb'}, 'AQI': {'Level': '1', 'aqi': '13'}}",2021-08-26,14:00,13,µg/m³,N/A,µg/m³,N/A,ppb,N/A,ppm,N/A,ppb,N/A,ppb,1,13
bkp67t,สำนักงานเขตสาทร,"Sathon District Office, Bangkok",Sathon,"แขวงทุ่งวัดดอน เขตสาทร, กรุงเทพฯ","Thung Wat Don, Sathon, Bangkok",BKK,13.707763,100.526787,[],"{'date': '2021-08-26', 'time': '14:00', 'PM25': {'value': '9', 'unit': 'µg/m³'}, 'PM10': {'value': 'N/A', 'unit': 'µg/m³'}, 'O3': {'value': 'N/A', 'unit': 'ppb'}, 'CO': {'value': 'N/A', 'unit': 'ppm'}, 'NO2': {'value': 'N/A', 'unit': 'ppb'}, 'SO2': {'value': 'N/A', 'unit': 'ppb'}, 'AQI': {'Level': '1', 'aqi': '9'}}",2021-08-26,14:00,9,µg/m³,N/A,µg/m³,N/A,ppb,N/A,ppm,N/A,ppb,N/A,ppb,1,9
bkp68t,สี่แยกถนนตก,Thanon Tok Intersection,"Bang Kho Laem,","ริมถนนพระราม 3-เจริญกรุง เขตบางคอแหลม, กรุงเทพฯ","RamaIII Roadside (Chareon Krung), Bang Kho Laem, Bangkok",BKK,13.697252,100.497185,[],"{'date': '2021-08-26', 'time': '14:00', 'PM25': {'value': '6', 'unit': 'µg/m³'}, 'PM10': {'value': 'N/A', 'unit': 'µg/m³'}, 'O3': {'value': 'N/A', 'unit': 'ppb'}, 'CO': {'value': 'N/A', 'unit': 'ppm'}, 'NO2': {'value': 'N/A', 'unit': 'ppb'}, 'SO2': {'value': 'N/A', 'unit': 'ppb'}, 'AQI': {'Level': '1', 'aqi': '6'}}",2021-08-26,14:00,6,µg/m³,N/A,µg/m³,N/A,ppb,N/A,ppm,N/A,ppb,N/A,ppb,1,6
bkp69t,ธนาคารกรุงศรีอยุธยา สำนักงานใหญ่,"Bank of Ayuthaya Head Office Yan Nawa, Bangkok",Yan Nawa,"ริมถนนพระราม 3 เขตยานนาวา, กรุงเทพฯ","RamaIII Roadside, Yan Nawa, Bangkok",BKK,13.679226,100.54687,[],"{'date': '2021-08-26', 'time': '14:00', 'PM25': {'value': '10', 'unit': 'µg/m³'}, 'PM10': {'value': 'N/A', 'unit': 'µg/m³'}, 'O3': {'value': 'N/A', 'unit': 'ppb'}, 'CO': {'value': 'N/A', 'unit': 'ppm'}, 'NO2': {'value': 'N/A', 'unit': 'ppb'}, 'SO2': {'value': 'N/A', 'unit': 'ppb'}, 'AQI': {'Level': '1', 'aqi': '10'}}",2021-08-26,14:00,10,µg/m³,N/A,µg/m³,N/A,ppb,N/A,ppm,N/A,ppb,N/A,ppb,1,10
bkp70t,ริมถนนซอยสุขุมวิท 63,"Soi Sukhumwit 63 Roadside Wattana, Bangkok",Wattana,"ริมถนนซอยสุขุมวิท 63 เขตวัฒนา, กรุงเทพฯ","Soi Sukhumwit 63 Roadside, Wattana, Bangkok",BKK,13.722096,100.584559,[],"{'date': '2021-08-26', 'time': '14:00', 'PM25': {'value': '9', 'unit': 'µg/m³'}, 'PM10': {'value': '26', 'unit': 'µg/m³'}, 'O3': {'value': 'N/A', 'unit': 'ppb'}, 'CO': {'value': 'N/A', 'unit': 'ppm'}, 'NO2': {'value': 'N/A', 'unit': 'ppb'}, 'SO2': {'value': 'N/A', 'unit': 'ppb'}, 'AQI': {'Level': '1', 'aqi': '13'}}",2021-08-26,14:00,9,µg/m³,26,µg/m³,N/A,ppb,N/A,ppm,N/A,ppb,N/A,ppb,1,13
bkp71t,สำนักงานเขตสวนหลวง,"Suan Luang District Office, Bangkok",Suan Luang,"ริมถนนพัฒนาการ เขตสวนหลวง, กรุงเทพฯ","Suan Luang, Bangkok",BKK,13.731051,100.651705,[],"{'date': '2021-08-26', 'time': '14:00', 'PM25': {'value': '7', 'unit': 'µg/m³'}, 'PM10': {'value': '26', 'unit': 'µg/m³'}, 'O3': {'value': 'N/A', 'unit': 'ppb'}, 'CO': {'value': 'N/A', 'unit': 'ppm'}, 'NO2': {'value': 'N/A', 'unit': 'ppb'}, 'SO2': {'value': 'N/A', 'unit': 'ppb'}, 'AQI': {'Level': '1', 'aqi': '13'}}",2021-08-26,14:00,7,µg/m³,26,µg/m³,N/A,ppb,N/A,ppm,N/A,ppb,N/A,ppb,1,13
bkp72t,บิ๊กซี ซุปเปอร์เซ็นเตอร์ บางนา,Big C Supercenter Bang Na,Bang Na,"ริมถนนบางนา-ตราด เขตบางนา, กรุงเทพฯ","Bang Na-Trat Roadside, Bang na, Bangkok",BKK,13.667987,100.635313,[],"{'date': '2021-08-26', 'time': '14:00', 'PM25': {'value': '16', 'unit': 'µg/m³'}, 'PM10': {'value': '35', 'unit': 'µg/m³'}, 'O3': {'value': 'N/A', 'unit': 'ppb'}, 'CO': {'value': 'N/A', 'unit': 'ppm'}, 'NO2': {'value': 'N/A', 'unit': 'ppb'}, 'SO2': {'value': 'N/A', 'unit': 'ppb'}, 'AQI': {'Level': '1', 'aqi': '18'}}",2021-08-26,14:00,16,µg/m³,35,µg/m³,N/A,ppb,N/A,ppm,N/A,ppb,N/A,ppb,1,18
bkp73t,มหาวิทยาลัยเกษตรศาสตร์,Kasertsart University,Chatuchak,"ริมถนนพหลโยธิน แยก ม.เกษตรศาสตร์ เขตจตุจักร, กรุงเทพฯ","Kasertsart Intersection, Chatuchak, Bangkok",BKK,13.839923,100.575632,[],"{'date': '2021-08-26', 'time': '14:00', 'PM25': {'value': '10', 'unit': 'µg/m³'}, 'PM10': {'value': 'N/A', 'unit': 'µg/m³'}, 'O3': {'value': 'N/A', 'unit': 'ppb'}, 'CO': {'value': 'N/A', 'unit': 'ppm'}, 'NO2': {'value': 'N/A', 'unit': 'ppb'}, 'SO2': {'value': 'N/A', 'unit': 'ppb'}, 'AQI': {'Level': '1', 'aqi': '10'}}",2021-08-26,14:00,10,µg/m³,N/A,µg/m³,N/A,ppb,N/A,ppm,N/A,ppb,N/A,ppb,1,10
bkp74t,สำนักงานเขตดอนเมือง,"Don Mueng District Office, Bangkok",Don Mueng,"เขตดอนเมือง, กรุงเทพฯ","Don Mueng, Bangkok",BKK,13.910986,100.594877,[],"{'date': '2021-08-26', 'time': '14:00', 'PM25': {'value': '12', 'unit': 'µg/m³'}, 'PM10': {'value': '21', 'unit': 'µg/m³'}, 'O3': {'value': 'N/A', 'unit': 'ppb'}, 'CO': {'value': 'N/A', 'unit': 'ppm'}, 'NO2': {'value': 'N/A', 'unit': 'ppb'}, 'SO2': {'value': 'N/A', 'unit': 'ppb'}, 'AQI': {'Level': '1', 'aqi': '12'}}",2021-08-26,14:00,12,µg/m³,21,µg/m³,N/A,ppb,N/A,ppm,N/A,ppb,N/A,ppb,1,12
bkp75t,สำนักงานเขตสายไหม,"Sai Mai District Office, Bangkok",Sai Mai,"ริมถนนสุขาภิบาล5 เขตสายไหม, กรุงเทพฯ","Sukhaphiban 5 Roadside, Sai Mai, Bangkok",BKK,13.896035,100.660628,[],"{'date': '2021-08-26', 'time': '14:00', 'PM25': {'value': '13', 'unit': 'µg/m³'}, 'PM10': {'value': '37', 'unit': 'µg/m³'}, 'O3': {'value': 'N/A', 'unit': 'ppb'}, 'CO': {'value': 'N/A', 'unit': 'ppm'}, 'NO2': {'value': 'N/A', 'unit': 'ppb'}, 'SO2': {'value': 'N/A', 'unit': 'ppb'}, 'AQI': {'Level': '1', 'aqi': '19'}}",2021-08-26,14:00,13,µg/m³,37,µg/m³,N/A,ppb,N/A,ppm,N/A,ppb,N/A,ppb,1,19
bkp76t,สำนักงานเขตบางกะปิ,"Bang Kapi District Office, Bangkok",Bang Kapi,"ริมถนนนวมินทร์ แยกบางกะปิ เขตบางกะปิ, กรุงเทพฯ","Navamin Roadside, Bang Kapi, Bangkok",BKK,13.766478,100.647785,[],"{'date': '2021-08-26', 'time': '14:00', 'PM25': {'value': '21', 'unit': 'µg/m³'}, 'PM10': {'value': 'N/A', 'unit': 'µg/m³'}, 'O3': {'value': 'N/A', 'unit': 'ppb'}, 'CO': {'value': 'N/A', 'unit': 'ppm'}, 'NO2': {'value': 'N/A', 'unit': 'ppb'}, 'SO2': {'value': 'N/A', 'unit': 'ppb'}, 'AQI': {'Level': '1', 'aqi': '21'}}",2021-08-26,14:00,21,µg/m³,N/A,µg/m³,N/A,ppb,N/A,ppm,N/A,ppb,N/A,ppb,1,21
bkp77t,แยกสวนสยาม-รามอินทรา,Suan Sayam-Ram Intra Intersection,Khan Na Yao,"แยกสวนสยาม-รามอินทรา เขตคันนายาว, กรุงเทพฯ","Suan Sayam-Ram Intra Intersection Khan Na Yao, Bangkok",BKK,13.799395,100.682464,[],"{'date': '2021-08-26', 'time': '14:00', 'PM25': {'value': '9', 'unit': 'µg/m³'}, 'PM10': {'value': '25', 'unit': 'µg/m³'}, 'O3': {'value': 'N/A', 'unit': 'ppb'}, 'CO': {'value': 'N/A', 'unit': 'ppm'}, 'NO2': {'value': 'N/A', 'unit': 'ppb'}, 'SO2': {'value': 'N/A', 'unit': 'ppb'}, 'AQI': {'Level': '1', 'aqi': '13'}}",2021-08-26,14:00,9,µg/m³,25,µg/m³,N/A,ppb,N/A,ppm,N/A,ppb,N/A,ppb,1,13
bkp78t,โรงพยาบาลลาดกระบัง,Lat Krabang Hospital,Lat Krabang,"ริมถนนลาดกระบัง เขตลาดกระบัง, กรุงเทพฯ","Lat Krabang Roadside, Lat Krabang, Bangkok",BKK,13.72205,100.784069,[],"{'date': '2021-08-26', 'time': '14:00', 'PM25': {'value': '11', 'unit': 'µg/m³'}, 'PM10': {'value': 'N/A', 'unit': 'µg/m³'}, 'O3': {'value': 'N/A', 'unit': 'ppb'}, 'CO': {'value': 'N/A', 'unit': 'ppm'}, 'NO2': {'value': 'N/A', 'unit': 'ppb'}, 'SO2': {'value': 'N/A', 'unit': 'ppb'}, 'AQI': {'Level': '1', 'aqi': '11'}}",2021-08-26,14:00,11,µg/m³,N/A,µg/m³,N/A,ppb,N/A,ppm,N/A,ppb,N/A,ppb,1,11
bkp79t,สวนเฉลิมพระเกียรติ ร.9,"Chaloem Phrakiat Rama 9 Park Min buri, Bangkok",Meenburi,"ริมถนนสีหบุรานุกิจ เขตมีนบุรี, กรุงเทพฯ","Sihaburanukit Roadside, Meenburi, Bangkok",BKK,13.813578,100.73208,[],"{'date': '2021-08-26', 'time': '14:00', 'PM25': {'value': '8', 'unit': 'µg/m³'}, 'PM10': {'value': '28', 'unit': 'µg/m³'}, 'O3': {'value': 'N/A', 'unit': 'ppb'}, 'CO': {'value': 'N/A', 'unit': 'ppm'}, 'NO2': {'value': 'N/A', 'unit': 'ppb'}, 'SO2': {'value': 'N/A', 'unit': 'ppb'}, 'AQI': {'Level': '1', 'aqi': '14'}}",2021-08-26,14:00,8,µg/m³,28,µg/m³,N/A,ppb,N/A,ppm,N/A,ppb,N/A,ppb,1,14
bkp80t,สำนักงานเขตหนองจอก,"Nong Chok District Office, Bangkok",Nong Chok,"ริมถนนเลียบวารี เขตหนองจอก, กรุงเทพฯ","Liap Wari Roadsire, Nong Chok, Bangkok",BKK,13.855362,100.86267,[],"{'date': '2021-08-26', 'time': '14:00', 'PM25': {'value': '13', 'unit': 'µg/m³'}, 'PM10': {'value': '27', 'unit': 'µg/m³'}, 'O3': {'value': 'N/A', 'unit': 'ppb'}, 'CO': {'value': 'N/A', 'unit': 'ppm'}, 'NO2': {'value': 'N/A', 'unit': 'ppb'}, 'SO2': {'value': 'N/A', 'unit': 'ppb'}, 'AQI': {'Level': '1', 'aqi': '14'}}",2021-08-26,14:00,13,µg/m³,27,µg/m³,N/A,ppb,N/A,ppm,N/A,ppb,N/A,ppb,1,14
bkp81t,ซีคอน สแควร์,Seacon Square,Prawet,"ริมถนนศรีนครินทร์ เขตประเวศ, กรุงเทพฯ","Srinakarin Roadside, Prawet, Bangkok",BKK,13.695561,100.647615,[],"{'date': '2021-08-26', 'time': '14:00', 'PM25': {'value': '15', 'unit': 'µg/m³'}, 'PM10': {'value': '38', 'unit': 'µg/m³'}, 'O3': {'value': 'N/A', 'unit': 'ppb'}, 'CO': {'value': 'N/A', 'unit': 'ppm'}, 'NO2': {'value': 'N/A', 'unit': 'ppb'}, 'SO2': {'value': 'N/A', 'unit': 'ppb'}, 'AQI': {'Level': '1', 'aqi': '19'}}",2021-08-26,14:00,15,µg/m³,38,µg/m³,N/A,ppb,N/A,ppm,N/A,ppb,N/A,ppb,1,19
bkp82t,แยกมไหศวรรย์,Mahaisawan Intersection,Thon Buri,"ริมถนนรัชดาภิเษก-ท่าพระ เขตธนบุรี, กรุงเทพฯ","Ratchadaphisek Roadside, Thon Buri, Bangkok",BKK,13.70515,100.48465,[],"{'date': '2021-08-26', 'time': '14:00', 'PM25': {'value': '10', 'unit': 'µg/m³'}, 'PM10': {'value': 'N/A', 'unit': 'µg/m³'}, 'O3': {'value': 'N/A', 'unit': 'ppb'}, 'CO': {'value': 'N/A', 'unit': 'ppm'}, 'NO2': {'value': 'N/A', 'unit': 'ppb'}, 'SO2': {'value': 'N/A', 'unit': 'ppb'}, 'AQI': {'Level': '1', 'aqi': '10'}}",2021-08-26,14:00,10,µg/m³,N/A,µg/m³,N/A,ppb,N/A,ppm,N/A,ppb,N/A,ppb,1,10
bkp83t,ห้องสมุดใต้สะพานสมเด็จพระเจ้าตากสิน,Library under King Taksin Bridge,Klong San,"ริมถนนเจริญนคร เขตคลองสาน, กรุงเทพฯ","Charoen Nakorn Roadside, Klong San, Bangkok",BKK,13.719705,100.508782,[],"{'date': '2021-08-26', 'time': '14:00', 'PM25': {'value': '15', 'unit': 'µg/m³'}, 'PM10': {'value': 'N/A', 'unit': 'µg/m³'}, 'O3': {'value': 'N/A', 'unit': 'ppb'}, 'CO': {'value': 'N/A', 'unit': 'ppm'}, 'NO2': {'value': 'N/A', 'unit': 'ppb'}, 'SO2': {'value': 'N/A', 'unit': 'ppb'}, 'AQI': {'Level': '1', 'aqi': '15'}}",2021-08-26,14:00,15,µg/m³,N/A,µg/m³,N/A,ppb,N/A,ppm,N/A,ppb,N/A,ppb,1,15
bkp84t,สี่แยกท่าพระ,Tha phra Intersection,Bangkok Yai,"ริมถนนแยกท่าพระ เขตบางกอกใหญ่, กรุงเทพฯ","Tha phra Intersection, Bangkok Yai, Bangkok",BKK,13.729431,100.474373,[],"{'date': '2021-08-26', 'time': '14:00', 'PM25': {'value': '21', 'unit': 'µg/m³'}, 'PM10': {'value': '25', 'unit': 'µg/m³'}, 'O3': {'value': 'N/A', 'unit': 'ppb'}, 'CO': {'value': 'N/A', 'unit': 'ppm'}, 'NO2': {'value': 'N/A', 'unit': 'ppb'}, 'SO2': {'value': 'N/A', 'unit': 'ppb'}, 'AQI': {'Level': '1', 'aqi': '21'}}",2021-08-26,14:00,21,µg/m³,25,µg/m³,N/A,ppb,N/A,ppm,N/A,ppb,N/A,ppb,1,21
bkp85t,สถานีตำรวจรถไฟบางกอกน้อย,Bangkok Noi Train Police Station,Bangkok Noi ,"ริมถนนซอยนิคมบ้านพักรถไฟธนบุรี 5 เขตบางกอกน้อย, กรุงเทพฯ","Soi Nikhom Banphak Rodfai Thonburi5, Bangkok Noi, Bangkok",BKK,13.759619,100.481137,[],"{'date': '2021-08-26', 'time': '14:00', 'PM25': {'value': '11', 'unit': 'µg/m³'}, 'PM10': {'value': 'N/A', 'unit': 'µg/m³'}, 'O3': {'value': 'N/A', 'unit': 'ppb'}, 'CO': {'value': 'N/A', 'unit': 'ppm'}, 'NO2': {'value': 'N/A', 'unit': 'ppb'}, 'SO2': {'value': 'N/A', 'unit': 'ppb'}, 'AQI': {'Level': '1', 'aqi': '11'}}",2021-08-26,14:00,11,µg/m³,N/A,µg/m³,N/A,ppb,N/A,ppm,N/A,ppb,N/A,ppb,1,11
bkp86t,ถนนพุทธมณฑลสาย 1 ตัดกับถนนบรมราชชนนี,Phutthamonthon 1 - Borommaratchachonnani Intersection,Taling Chan,"ริมถนนพุทธมณฑล 1 เขตตลิ่งชัน, กรุงเทพฯ","Phutthamonthon 1 Roadside, Taling Chan, Bangkok",BKK,13.780778,100.426727,[],"{'date': '2021-07-07', 'time': '14:00', 'PM25': {'value': '-', 'unit': 'µg/m³'}, 'PM10': {'value': '-', 'unit': 'µg/m³'}, 'O3': {'value': 'N/A', 'unit': 'ppb'}, 'CO': {'value': 'N/A', 'unit': 'ppm'}, 'NO2': {'value': 'N/A', 'unit': 'ppb'}, 'SO2': {'value': 'N/A', 'unit': 'ppb'}, 'AQI': {'Level': '0', 'aqi': '-1'}}",2021-07-07,14:00,-,µg/m³,-,µg/m³,N/A,ppb,N/A,ppm,N/A,ppb,N/A,ppb,0,-1
bkp87t,ตลาดธนบุรีสนามหลวง 2,Thon Buri Market Sanam Luang 2,Thawi Watthana,"ริมถนนคลองทวีวัฒนา เขตทวีวัฒนา, กรุงเทพฯ","Klong Thawi Watthana Roadside, Thawi Watthana, Bangkok",BKK,13.746257,100.355099,[],"{'date': '2021-08-26', 'time': '14:00', 'PM25': {'value': '15', 'unit': 'µg/m³'}, 'PM10': {'value': '21', 'unit': 'µg/m³'}, 'O3': {'value': 'N/A', 'unit': 'ppb'}, 'CO': {'value': 'N/A', 'unit': 'ppm'}, 'NO2': {'value': 'N/A', 'unit': 'ppb'}, 'SO2': {'value': 'N/A', 'unit': 'ppb'}, 'AQI': {'Level': '1', 'aqi': '15'}}",2021-08-26,14:00,15,µg/m³,21,µg/m³,N/A,ppb,N/A,ppm,N/A,ppb,N/A,ppb,1,15
bkp88t,มหาวิทยาลัยสยาม,Siam University,Phasi Charoen,"ริมถนนเพชรเกษม เขตภาษีเจริญ, กรุงเทพฯ","Petchkasem Roadside, Phasi Charoen, Bangkok",BKK,13.718689,100.45391,[],"{'date': '2021-08-26', 'time': '14:00', 'PM25': {'value': '11', 'unit': 'µg/m³'}, 'PM10': {'value': 'N/A', 'unit': 'µg/m³'}, 'O3': {'value': 'N/A', 'unit': 'ppb'}, 'CO': {'value': 'N/A', 'unit': 'ppm'}, 'NO2': {'value': 'N/A', 'unit': 'ppb'}, 'SO2': {'value': 'N/A', 'unit': 'ppb'}, 'AQI': {'Level': '1', 'aqi': '11'}}",2021-08-26,14:00,11,µg/m³,N/A,µg/m³,N/A,ppb,N/A,ppm,N/A,ppb,N/A,ppb,1,11
bkp89t,"ริมถนนมาเจริญ เพชรเกษม 8, เขตหนองแขม","Ma Charean Roadside, Petcha Kasem 8, Nong Khaem",Nong Khaem,"ริมถนนมาเจริญ เพชรเกษม 81 เขตหนองแขม, กรุงเทพฯ","Ma Charean Roadside Nong Khaem, Bangkok",BKK,13.705582,100.343164,[],"{'date': '2021-08-26', 'time': '14:00', 'PM25': {'value': '21', 'unit': 'µg/m³'}, 'PM10': {'value': '40', 'unit': 'µg/m³'}, 'O3': {'value': 'N/A', 'unit': 'ppb'}, 'CO': {'value': 'N/A', 'unit': 'ppm'}, 'NO2': {'value': 'N/A', 'unit': 'ppb'}, 'SO2': {'value': 'N/A', 'unit': 'ppb'}, 'AQI': {'Level': '1', 'aqi': '21'}}",2021-08-26,14:00,21,µg/m³,40,µg/m³,N/A,ppb,N/A,ppm,N/A,ppb,N/A,ppb,1,21
bkp90t,ตลาดบางบอน 5,Bang Bon 5 Market,Bang Bon,"ริมถนนเอกชัย เขตบางบอน, กรุงเทพฯ","Ekkachai Roadside, Bang Bon, Bangkok",BKK,13.639165,100.372958,[],"{'date': '2021-08-26', 'time': '14:00', 'PM25': {'value': '18', 'unit': 'µg/m³'}, 'PM10': {'value': '35', 'unit': 'µg/m³'}, 'O3': {'value': 'N/A', 'unit': 'ppb'}, 'CO': {'value': 'N/A', 'unit': 'ppm'}, 'NO2': {'value': 'N/A', 'unit': 'ppb'}, 'SO2': {'value': 'N/A', 'unit': 'ppb'}, 'AQI': {'Level': '1', 'aqi': '18'}}",2021-08-26,14:00,18,µg/m³,35,µg/m³,N/A,ppb,N/A,ppm,N/A,ppb,N/A,ppb,1,18
bkp91t,มหาวิทยาลัยเทคโนโลยีพระจอมเกล้าธนบุรี,King Mongkut's University of Technology Thonburi,Thung Khru,"ริมถนนประชาอุทิศ เขตทุ่งครุ, กรุงเทพฯ","Pracha Uthit Roadside, Thung Khru, Bangkok",BKK,13.651004,100.496673,[],"{'date': '2021-08-26', 'time': '14:00', 'PM25': {'value': '11', 'unit': 'µg/m³'}, 'PM10': {'value': '24', 'unit': 'µg/m³'}, 'O3': {'value': 'N/A', 'unit': 'ppb'}, 'CO': {'value': 'N/A', 'unit': 'ppm'}, 'NO2': {'value': 'N/A', 'unit': 'ppb'}, 'SO2': {'value': 'N/A', 'unit': 'ppb'}, 'AQI': {'Level': '1', 'aqi': '12'}}",2021-08-26,14:00,11,µg/m³,24,µg/m³,N/A,ppb,N/A,ppm,N/A,ppb,N/A,ppb,1,12
bkp92t,สำนักงานเขตพระนคร,"Phra Nakhon District Office, Bangkok",Phra Nakhon,"ริมถนนสามเสน เขตพระนคร, กรุงเทพฯ","Samsen Roadside, Phra Nakhon, Bangkok",BKK,13.76415,100.499077,[],"{'date': '2021-08-26', 'time': '14:00', 'PM25': {'value': '14', 'unit': 'µg/m³'}, 'PM10': {'value': 'N/A', 'unit': 'µg/m³'}, 'O3': {'value': 'N/A', 'unit': 'ppb'}, 'CO': {'value': 'N/A', 'unit': 'ppm'}, 'NO2': {'value': 'N/A', 'unit': 'ppb'}, 'SO2': {'value': 'N/A', 'unit': 'ppb'}, 'AQI': {'Level': '1', 'aqi': '14'}}",2021-08-26,14:00,14,µg/m³,N/A,µg/m³,N/A,ppb,N/A,ppm,N/A,ppb,N/A,ppb,1,14
bkp93t,สำนักงานเขตห้วยขวาง,"Huai Khwang District Office, Bangkok",Huai Khwang,"เขตห้วยขวาง, กรุงเทพฯ","Huai Khwang, Bangkok",BKK,13.77682,100.579543,[],"{'date': '2021-08-26', 'time': '14:00', 'PM25': {'value': '8', 'unit': 'µg/m³'}, 'PM10': {'value': '24', 'unit': 'µg/m³'}, 'O3': {'value': 'N/A', 'unit': 'ppb'}, 'CO': {'value': 'N/A', 'unit': 'ppm'}, 'NO2': {'value': 'N/A', 'unit': 'ppb'}, 'SO2': {'value': 'N/A', 'unit': 'ppb'}, 'AQI': {'Level': '1', 'aqi': '12'}}",2021-08-26,14:00,8,µg/m³,24,µg/m³,N/A,ppb,N/A,ppm,N/A,ppb,N/A,ppb,1,12
bkp94t,สำนักงานเขตคลองเตย,"Khlong Toei District Office, Bangkok",Khlong Toei,"แขวงคลองเตย เขตคลองเตย, กรุงเทพฯ","Khlong Toei, Bangkok",BKK,13.708488,100.583747,[],"{'date': '2021-08-26', 'time': '14:00', 'PM25': {'value': '12', 'unit': 'µg/m³'}, 'PM10': {'value': 'N/A', 'unit': 'µg/m³'}, 'O3': {'value': 'N/A', 'unit': 'ppb'}, 'CO': {'value': 'N/A', 'unit': 'ppm'}, 'NO2': {'value': 'N/A', 'unit': 'ppb'}, 'SO2': {'value': 'N/A', 'unit': 'ppb'}, 'AQI': {'Level': '1', 'aqi': '12'}}",2021-08-26,14:00,12,µg/m³,N/A,µg/m³,N/A,ppb,N/A,ppm,N/A,ppb,N/A,ppb,1,12
bkp95t,สำนักงานเขตบางซื่อ,"Bang Sue District Office, Bangkok",Bang Sue,"แขวงบางซื่อ เขตบางซื่อ, กรุงเทพฯ","Bang Sue, Bangkok",BKK,13.809596,100.537883,[],"{'date': '2021-08-26', 'time': '14:00', 'PM25': {'value': '11', 'unit': 'µg/m³'}, 'PM10': {'value': 'N/A', 'unit': 'µg/m³'}, 'O3': {'value': 'N/A', 'unit': 'ppb'}, 'CO': {'value': 'N/A', 'unit': 'ppm'}, 'NO2': {'value': 'N/A', 'unit': 'ppb'}, 'SO2': {'value': 'N/A', 'unit': 'ppb'}, 'AQI': {'Level': '1', 'aqi': '11'}}",2021-08-26,14:00,11,µg/m³,N/A,µg/m³,N/A,ppb,N/A,ppm,N/A,ppb,N/A,ppb,1,11
bkp96t,สำนักงานเขตลาดพร้าว,"Ladphrao District Office, Bangkok",Ladphrao,"เขตลาดพร้าว, กรุงเทพฯ","Ladphrao, Bangkok",BKK,13.803587,100.607535,[],"{'date': '2021-08-26', 'time': '14:00', 'PM25': {'value': '8', 'unit': 'µg/m³'}, 'PM10': {'value': '27', 'unit': 'µg/m³'}, 'O3': {'value': 'N/A', 'unit': 'ppb'}, 'CO': {'value': 'N/A', 'unit': 'ppm'}, 'NO2': {'value': 'N/A', 'unit': 'ppb'}, 'SO2': {'value': 'N/A', 'unit': 'ppb'}, 'AQI': {'Level': '1', 'aqi': '14'}}",2021-08-26,14:00,8,µg/m³,27,µg/m³,N/A,ppb,N/A,ppm,N/A,ppb,N/A,ppb,1,14
bkp97t,สำนักงานเขตหลักสี่,"Lak Si District Office, Bangkok",Lak Si,"แขวงทุ่งสองห้อง เขตหลักสี่, กรุงเทพฯ","Thung Song Hong, Lak Si, Bangkok",BKK,13.887395,100.579247,[],"{'date': '2021-08-26', 'time': '14:00', 'PM25': {'value': '7', 'unit': 'µg/m³'}, 'PM10': {'value': 'N/A', 'unit': 'µg/m³'}, 'O3': {'value': 'N/A', 'unit': 'ppb'}, 'CO': {'value': 'N/A', 'unit': 'ppm'}, 'NO2': {'value': 'N/A', 'unit': 'ppb'}, 'SO2': {'value': 'N/A', 'unit': 'ppb'}, 'AQI': {'Level': '1', 'aqi': '7'}}",2021-08-26,14:00,7,µg/m³,N/A,µg/m³,N/A,ppb,N/A,ppm,N/A,ppb,N/A,ppb,1,7
bkp98t,สำนักงานเขตบางเขน,"Bang Khen District Office, Bangkok",Bang Khen,"ริมถนนพหลโยธิน เขตบางเขน, กรุงเทพฯ","Phahon Yothin Roadside, Bang Khen, Bangkok",BKK,13.873603,100.595839,[],"{'date': '2021-08-26', 'time': '14:00', 'PM25': {'value': '7', 'unit': 'µg/m³'}, 'PM10': {'value': 'N/A', 'unit': 'µg/m³'}, 'O3': {'value': 'N/A', 'unit': 'ppb'}, 'CO': {'value': 'N/A', 'unit': 'ppm'}, 'NO2': {'value': 'N/A', 'unit': 'ppb'}, 'SO2': {'value': 'N/A', 'unit': 'ppb'}, 'AQI': {'Level': '1', 'aqi': '7'}}",2021-08-26,14:00,7,µg/m³,N/A,µg/m³,N/A,ppb,N/A,ppm,N/A,ppb,N/A,ppb,1,7
bkp99t,สำนักงานเขตสะพานสูง,"Saphan Sung District Office, Bangkok",Saphan Sung,"เขตสะพานสูง, กรุงเทพฯ","Saphan Sung, Bangkok",BKK,13.768892,100.685743,[],"{'date': '2021-08-26', 'time': '14:00', 'PM25': {'value': '7', 'unit': 'µg/m³'}, 'PM10': {'value': '17', 'unit': 'µg/m³'}, 'O3': {'value': 'N/A', 'unit': 'ppb'}, 'CO': {'value': 'N/A', 'unit': 'ppm'}, 'NO2': {'value': 'N/A', 'unit': 'ppb'}, 'SO2': {'value': 'N/A', 'unit': 'ppb'}, 'AQI': {'Level': '1', 'aqi': '9'}}",2021-08-26,14:00,7,µg/m³,17,µg/m³,N/A,ppb,N/A,ppm,N/A,ppb,N/A,ppb,1,9
81t,อ่างเก็บน้ำประปา,Water reservoir,,"ต.นครปฐม อ.เมือง, นครปฐม","Mueang, Nakhon Pathom",GROUND,13.832076,100.057961,[],"{'date': '2021-08-26', 'time': '14:00', 'PM25': {'value': '6', 'unit': 'µg/m³'}, 'PM10': {'value': '10', 'unit': 'µg/m³'}, 'O3': {'value': '19', 'unit': 'ppb'}, 'CO': {'value': '0.31', 'unit': 'ppm'}, 'NO2': {'value': '3', 'unit': 'ppb'}, 'SO2': {'value': '2', 'unit': 'ppb'}, 'AQI': {'Level': '1', 'aqi': '14'}}",2021-08-26,14:00,6,µg/m³,10,µg/m³,19,ppb,0.31,ppm,3,ppb,2,ppb,1,14
13t,กรมควบควบคุมโรค,Department of Disease Control,,"ต.ตลาดขวัญ อ.เมือง, นนทบุรี"," Bang Krua, Bang Kruai, Nonthaburi",GROUND,13.807156,100.506319,[],"{'date': '2021-08-26', 'time': '14:00', 'PM25': {'value': '8', 'unit': 'µg/m³'}, 'PM10': {'value': '15', 'unit': 'µg/m³'}, 'O3': {'value': '3', 'unit': 'ppb'}, 'CO': {'value': '0.54', 'unit': 'ppm'}, 'NO2': {'value': '9', 'unit': 'ppb'}, 'SO2': {'value': '1', 'unit': 'ppb'}, 'AQI': {'Level': '1', 'aqi': '8'}}",2021-08-26,14:00,8,µg/m³,15,µg/m³,3,ppb,0.54,ppm,9,ppb,1,ppb,1,8
22t,มหาวิทยาลัยสุโขทัยธรรมาธิราช,Sukhothai Thammathirat Open University,,"ต.บางพูด อ.ปากเกร็ด, นนทบุรี","Bang Phut, Pak Kret, Nonthaburi",GROUND,13.907861,100.535641,[],"{'date': '2021-08-26', 'time': '14:00', 'PM25': {'value': '5', 'unit': 'µg/m³'}, 'PM10': {'value': '13', 'unit': 'µg/m³'}, 'O3': {'value': '4', 'unit': 'ppb'}, 'CO': {'value': '-', 'unit': 'ppm'}, 'NO2': {'value': '-', 'unit': 'ppb'}, 'SO2': {'value': '-', 'unit': 'ppb'}, 'AQI': {'Level': '1', 'aqi': '7'}}",2021-08-26,14:00,5,µg/m³,13,µg/m³,4,ppb,-,ppm,-,ppb,-,ppb,1,7
20t,มหาวิทยาลัยกรุงเทพ วิทยาเขตรังสิต,Bangkok University Rangsit Campus,,"ต.คลองหนึ่ง อ.คลองหลวง, ปทุมธานี","Khlong Nueng, Khlong Luang, Pathum Thani",GROUND,14.03742,100.605216,[],"{'date': '2021-08-26', 'time': '14:00', 'PM25': {'value': '12', 'unit': 'µg/m³'}, 'PM10': {'value': '26', 'unit': 'µg/m³'}, 'O3': {'value': '8', 'unit': 'ppb'}, 'CO': {'value': '0.28', 'unit': 'ppm'}, 'NO2': {'value': '15', 'unit': 'ppb'}, 'SO2': {'value': '3', 'unit': 'ppb'}, 'AQI': {'Level': '1', 'aqi': '13'}}",2021-08-26,14:00,12,µg/m³,26,µg/m³,8,ppb,0.28,ppm,15,ppb,3,ppb,1,13
08t,ศูนย์ฟื้นฟูอาชีพคนพิการและทุพลภาพ,Prabadang Rehabiltation Center,,"ต.ทรงคนอง อ.พระประแดง, สมุทรปราการ","Song Kanong, Phra Pradaeng, Samut Prakan",GROUND,13.664087,100.543436,[],"{'date': '2021-08-26', 'time': '14:00', 'PM25': {'value': '11', 'unit': 'µg/m³'}, 'PM10': {'value': '22', 'unit': 'µg/m³'}, 'O3': {'value': '19', 'unit': 'ppb'}, 'CO': {'value': '-', 'unit': 'ppm'}, 'NO2': {'value': '2', 'unit': 'ppb'}, 'SO2': {'value': '-', 'unit': 'ppb'}, 'AQI': {'Level': '1', 'aqi': '14'}}",2021-08-26,14:00,11,µg/m³,22,µg/m³,19,ppb,-,ppm,2,ppb,-,ppb,1,14
16t,โรงไฟฟ้าพระนครใต้,South Bangkok Power Plant,,"ต.บางโปรง อ.เมือง, สมุทรปราการ","Bang Prong, Meuang, Samut Prakan",GROUND,13.618,100.5562,[],"{'date': '2021-08-26', 'time': '14:00', 'PM25': {'value': '7', 'unit': 'µg/m³'}, 'PM10': {'value': '14', 'unit': 'µg/m³'}, 'O3': {'value': '8', 'unit': 'ppb'}, 'CO': {'value': '0.39', 'unit': 'ppm'}, 'NO2': {'value': '3', 'unit': 'ppb'}, 'SO2': {'value': '1', 'unit': 'ppb'}, 'AQI': {'Level': '1', 'aqi': '7'}}",2021-08-26,14:00,7,µg/m³,14,µg/m³,8,ppb,0.39,ppm,3,ppb,1,ppb,1,7
17t,บ้านพักกรมอุตสาหกรรมพื้นฐานและการเหมืองแร่,Residence for Dept. of Mineral Resources,,"ต.ตลาด อ.พระประแดง, สมุทรปราการ","Talat, Phra Pradaeng, Samut Prakan",GROUND,13.652141,100.531805,[],"{'date': '2021-08-26', 'time': '14:00', 'PM25': {'value': '6', 'unit': 'µg/m³'}, 'PM10': {'value': '12', 'unit': 'µg/m³'}, 'O3': {'value': '8', 'unit': 'ppb'}, 'CO': {'value': '0.71', 'unit': 'ppm'}, 'NO2': {'value': '2', 'unit': 'ppb'}, 'SO2': {'value': '3', 'unit': 'ppb'}, 'AQI': {'Level': '1', 'aqi': '6'}}",2021-08-26,14:00,6,µg/m³,12,µg/m³,8,ppb,0.71,ppm,2,ppb,3,ppb,1,6
18t,ศาลากลางจังหวัดสมุทรปราการ,"City Hall, Samut Prakan",,"ต.ปากน้ำ อ.เมือง, สมุทรปราการ","Pak Nam, Meuang, Samut Prakan",GROUND,13.599149,100.597345,[],"{'date': '2021-08-26', 'time': '14:00', 'PM25': {'value': '18', 'unit': 'µg/m³'}, 'PM10': {'value': '32', 'unit': 'µg/m³'}, 'O3': {'value': '11', 'unit': 'ppb'}, 'CO': {'value': '0.33', 'unit': 'ppm'}, 'NO2': {'value': '4', 'unit': 'ppb'}, 'SO2': {'value': '1', 'unit': 'ppb'}, 'AQI': {'Level': '1', 'aqi': '18'}}",2021-08-26,14:00,18,µg/m³,32,µg/m³,11,ppb,0.33,ppm,4,ppb,1,ppb,1,18
19t,การเคหะชุมชนเมืองใหม่บางพลี,National Housing Authority Bangplee,,"ต.บางเสาธง อ.บางเสาธง, สมุทรปราการ","Bang Sao Thong, Bang Sao Thong, Samut Prakan ",GROUND,13.5705,100.786287,[],"{'date': '2021-08-26', 'time': '14:00', 'PM25': {'value': '10', 'unit': 'µg/m³'}, 'PM10': {'value': '19', 'unit': 'µg/m³'}, 'O3': {'value': '14', 'unit': 'ppb'}, 'CO': {'value': '0.37', 'unit': 'ppm'}, 'NO2': {'value': '-', 'unit': 'ppb'}, 'SO2': {'value': '6', 'unit': 'ppb'}, 'AQI': {'Level': '1', 'aqi': '10'}}",2021-08-26,14:00,10,µg/m³,19,µg/m³,14,ppb,0.37,ppm,-,ppb,6,ppb,1,10
o27,สวนศรีนครเขื่อนขันธ์,Sri Nakhon Khuean Khan Park,,"ต.บางกะเจ้า อ.พระประแดง, สมุทรปราการ"," Bang Krachao Subdistrict, Phra Pradaeng, Samut Prakan",MOBILE,13.696681,100.563631,[],"{'date': '2021-08-26', 'time': '14:00', 'PM25': {'value': '6', 'unit': 'µg/m³'}, 'PM10': {'value': 'N/A', 'unit': 'µg/m³'}, 'O3': {'value': 'N/A', 'unit': 'ppb'}, 'CO': {'value': 'N/A', 'unit': 'ppm'}, 'NO2': {'value': 'N/A', 'unit': 'ppb'}, 'SO2': {'value': 'N/A', 'unit': 'ppb'}, 'AQI': {'Level': '1', 'aqi': '6'}}",2021-08-26,14:00,6,µg/m³,N/A,µg/m³,N/A,ppb,N/A,ppm,N/A,ppb,N/A,ppb,1,6
14t,แขวงการทางสมุทรสาคร,Highway District,,"ต.อ้อมน้อย อ.กระทุ่มแบน, สมุทรสาคร","Om Noi, Krathum Baen, Samut Sakhon",GROUND,13.705458,100.315675,[],"{'date': '2021-08-26', 'time': '14:00', 'PM25': {'value': '14', 'unit': 'µg/m³'}, 'PM10': {'value': '35', 'unit': 'µg/m³'}, 'O3': {'value': '6', 'unit': 'ppb'}, 'CO': {'value': '-', 'unit': 'ppm'}, 'NO2': {'value': '-', 'unit': 'ppb'}, 'SO2': {'value': '0', 'unit': 'ppb'}, 'AQI': {'Level': '1', 'aqi': '18'}}",2021-08-26,14:00,14,µg/m³,35,µg/m³,6,ppb,-,ppm,-,ppb,0,ppb,1,18
27t,โรงเรียนสมุทรสาครวิทยาลัย,Samut Sakhon Wittayalai School,,"ต.มหาชัย อ.เมือง, สมุทรสาคร","Maha Chai, Mueang, Samut Sakhon",GROUND,13.550478,100.264254,[],"{'date': '2021-08-26', 'time': '14:00', 'PM25': {'value': '11', 'unit': 'µg/m³'}, 'PM10': {'value': '23', 'unit': 'µg/m³'}, 'O3': {'value': '9', 'unit': 'ppb'}, 'CO': {'value': 'N/A', 'unit': 'ppm'}, 'NO2': {'value': '3', 'unit': 'ppb'}, 'SO2': {'value': '-', 'unit': 'ppb'}, 'AQI': {'Level': '1', 'aqi': '12'}}",2021-08-26,14:00,11,µg/m³,23,µg/m³,9,ppb,N/A,ppm,3,ppb,-,ppb,1,12